"","RERI","SE","2.5%-CI","97.5%-CI","Factor","Region"
"1",0.81216510472431,0.463367861500698,-0.0960359038170584,1.72036611326568,"TAVG(>95th)-PM2.5(>90th)-2d","Aichi"
"2",-0.177458770033165,0.606692237213602,-1.36657555497183,1.0116580149055,"TAVG(>95th)-PM2.5(>90th)-2d","Akita"
"3",0.050931473240428,0.39984986978944,-0.732774271546873,0.83463721802773,"TAVG(>95th)-PM2.5(>90th)-2d","Aomori"
"4",0.233897746349055,0.277837536579258,-0.310663825346292,0.778459318044401,"TAVG(>95th)-PM2.5(>90th)-2d","Chiba"
"5",0.94126741366971,0.529783683699211,-0.0971086063807424,1.97964343372016,"TAVG(>95th)-PM2.5(>90th)-2d","Ehime"
"6",-0.175527835205105,0.480688477943739,-1.11767725197483,0.766621581564625,"TAVG(>95th)-PM2.5(>90th)-2d","Fukui"
"7",0.156557323128659,0.247193492600043,-0.327941922367424,0.641056568624743,"TAVG(>95th)-PM2.5(>90th)-2d","Fukuoka"
"8",-0.956680281581864,0.294347931652074,-1.53360222761993,-0.379758335543798,"TAVG(>95th)-PM2.5(>90th)-2d","Fukushima"
"9",0.480565245350467,0.365456481770474,-0.235729458919661,1.1968599496206,"TAVG(>95th)-PM2.5(>90th)-2d","Gifu"
"10",0.190287225883836,0.774244843647437,-1.32723266766514,1.70780711943281,"TAVG(>95th)-PM2.5(>90th)-2d","Gunma"
"11",0.21158693817386,0.304219468226823,-0.384683219550714,0.807857095898434,"TAVG(>95th)-PM2.5(>90th)-2d","Hiroshima"
"12",-0.29950104720185,0.332823717865318,-0.951835534217872,0.352833439814172,"TAVG(>95th)-PM2.5(>90th)-2d","Hokkaido"
"13",0.326981941310908,0.394992062862717,-0.447202501900017,1.10116638452183,"TAVG(>95th)-PM2.5(>90th)-2d","Hyogo"
"14",-0.0524126758364603,0.414093049746072,-0.864035053338761,0.759209701665841,"TAVG(>95th)-PM2.5(>90th)-2d","Ibaraki"
"15",0.420082896860145,0.62963382651496,-0.813999403109177,1.65416519682947,"TAVG(>95th)-PM2.5(>90th)-2d","Ishikawa"
"16",1.4363492021081,0.690255686761671,0.0834480560552238,2.78925034816098,"TAVG(>95th)-PM2.5(>90th)-2d","Iwate"
"17",0.7251639193025,0.719557390212139,-0.685168565513292,2.13549640411829,"TAVG(>95th)-PM2.5(>90th)-2d","Kagawa"
"18",-0.431191383781872,0.250802959657592,-0.922765184710754,0.0603824171470086,"TAVG(>95th)-PM2.5(>90th)-2d","Kagoshima"
"19",-0.0958342473262708,0.207508278476562,-0.502550473140333,0.310881978487792,"TAVG(>95th)-PM2.5(>90th)-2d","Kanagawa"
"20",-0.42412787222485,0.654710666143428,-1.70736077786597,0.85910503341627,"TAVG(>95th)-PM2.5(>90th)-2d","Kochi"
"21",-0.731671930220789,0.561202516252103,-1.83162886207491,0.368285001633333,"TAVG(>95th)-PM2.5(>90th)-2d","Kumamoto"
"22",0.985996609948135,0.715808321380323,-0.416987699957299,2.38898091985357,"TAVG(>95th)-PM2.5(>90th)-2d","Kyoto"
"23",-1.47478659750456,0.228025661342029,-1.92171689373494,-1.02785630127418,"TAVG(>95th)-PM2.5(>90th)-2d","Mie"
"24",-0.103764852483583,0.398821089406651,-0.885454187720619,0.677924482753454,"TAVG(>95th)-PM2.5(>90th)-2d","Miyagi"
"25",-0.502410351115845,0.348955365127658,-1.18636286676605,0.181542164534366,"TAVG(>95th)-PM2.5(>90th)-2d","Miyazaki"
"26",0.884564921359938,0.82513972201332,-0.732708933786169,2.50183877650604,"TAVG(>95th)-PM2.5(>90th)-2d","Nagano"
"27",-1.46480028195589,0.605392899680231,-2.65137036532915,-0.278230198582639,"TAVG(>95th)-PM2.5(>90th)-2d","Nagasaki"
"28",-0.539732585126766,0.394612262683296,-1.31317261998603,0.233707449732494,"TAVG(>95th)-PM2.5(>90th)-2d","Nara"
"29",-0.383153952405172,0.387585562812164,-1.14282165551701,0.376513750706669,"TAVG(>95th)-PM2.5(>90th)-2d","Niigata"
"30",-1.63057113130097,0.57836531108678,-2.76416714103106,-0.496975121570885,"TAVG(>95th)-PM2.5(>90th)-2d","Oita"
"31",0.252637051517204,0.492554013886385,-0.71276881570011,1.21804291873452,"TAVG(>95th)-PM2.5(>90th)-2d","Okayama"
"32",0.771183936006254,0.366647247352553,0.0525553311952512,1.48981254081726,"TAVG(>95th)-PM2.5(>90th)-2d","Osaka"
"33",2.90804038315344,1.84527581582798,-0.708700215869396,6.52478098217627,"TAVG(>95th)-PM2.5(>90th)-2d","Saga"
"34",-0.0393222807466463,0.262473355453853,-0.553770057436198,0.475125495942905,"TAVG(>95th)-PM2.5(>90th)-2d","Saitama"
"35",0.72365940203993,0.736748493856658,-0.720367645919119,2.16768644999898,"TAVG(>95th)-PM2.5(>90th)-2d","Shiga"
"36",-1.71527016261695,0.385308205587459,-2.47047424556837,-0.96006607966553,"TAVG(>95th)-PM2.5(>90th)-2d","Shimane"
"37",0.123418377543785,0.379246959979038,-0.619905664015129,0.866742419102699,"TAVG(>95th)-PM2.5(>90th)-2d","Shizuoka"
"38",0.487871260043975,0.541798385324344,-0.574053575191739,1.54979609527969,"TAVG(>95th)-PM2.5(>90th)-2d","Tochigi"
"39",-0.545146110537438,0.333493274909196,-1.19879292935946,0.108500708284586,"TAVG(>95th)-PM2.5(>90th)-2d","Tokushima"
"40",0.00699474973837566,0.28177056387669,-0.545275555459936,0.559265054936687,"TAVG(>95th)-PM2.5(>90th)-2d","Tokyo"
"41",-0.644983236694862,0.446207265282979,-1.5195494766495,0.229583003259777,"TAVG(>95th)-PM2.5(>90th)-2d","Tottori"
"42",0.332097927625904,0.628698221023894,-0.900150585580929,1.56434644083274,"TAVG(>95th)-PM2.5(>90th)-2d","Toyama"
"43",-0.20601380888961,0.511537097023093,-1.20862651905487,0.796598901275653,"TAVG(>95th)-PM2.5(>90th)-2d","Wakayama"
"44",0.0701017599582308,0.458236336513103,-0.82804145960745,0.968244979523912,"TAVG(>95th)-PM2.5(>90th)-2d","Yamagata"
"45",-0.36792083219985,0.330289590707385,-1.01528842998632,0.279446765586624,"TAVG(>95th)-PM2.5(>90th)-2d","Yamaguchi"
"46",-0.724262809306463,0.483871171504707,-1.67265030545569,0.224124686842764,"TAVG(>95th)-PM2.5(>90th)-2d","Yamanashi"
"47",1.25146297628024,0.352378471217776,0.560801172693398,1.94212477986708,"TAVG(>95th)-PM2.5(>80th)-2d","Aichi"
"48",1.09588432621251,0.693005289851847,-0.262406041897112,2.45417469432213,"TAVG(>95th)-PM2.5(>80th)-2d","Akita"
"49",0.0600856540664039,0.344837001353534,-0.615794868586523,0.735966176719331,"TAVG(>95th)-PM2.5(>80th)-2d","Aomori"
"50",-0.0391353706898321,0.20828073370657,-0.447365608754708,0.369094867375044,"TAVG(>95th)-PM2.5(>80th)-2d","Chiba"
"51",-0.144075446147353,0.317353368387889,-0.766088048187615,0.477937155892909,"TAVG(>95th)-PM2.5(>80th)-2d","Ehime"
"52",-0.139287052015184,0.3960643619469,-0.915573201431109,0.636999097400741,"TAVG(>95th)-PM2.5(>80th)-2d","Fukui"
"53",-0.105424800754818,0.18215110921384,-0.462440974813943,0.251591373304308,"TAVG(>95th)-PM2.5(>80th)-2d","Fukuoka"
"54",-0.627682122164615,0.288611046511042,-1.19335977332626,-0.0620044710029724,"TAVG(>95th)-PM2.5(>80th)-2d","Fukushima"
"55",0.0222245652509298,0.246695611282074,-0.461298832861935,0.505747963363795,"TAVG(>95th)-PM2.5(>80th)-2d","Gifu"
"56",0.210269273854386,0.434769889796985,-0.641879710147704,1.06241825785648,"TAVG(>95th)-PM2.5(>80th)-2d","Gunma"
"57",0.202161535096325,0.2907978361965,-0.367802223848816,0.772125294041466,"TAVG(>95th)-PM2.5(>80th)-2d","Hiroshima"
"58",-0.351116844913235,0.293982116625342,-0.927321793498906,0.225088103672435,"TAVG(>95th)-PM2.5(>80th)-2d","Hokkaido"
"59",-0.0728927251132695,0.265110317265195,-0.592508946953052,0.446723496726513,"TAVG(>95th)-PM2.5(>80th)-2d","Hyogo"
"60",0.0545099399388698,0.405041394033838,-0.739371192367452,0.848391072245192,"TAVG(>95th)-PM2.5(>80th)-2d","Ibaraki"
"61",0.453137161231821,0.535294539342798,-0.596040135880063,1.5023144583437,"TAVG(>95th)-PM2.5(>80th)-2d","Ishikawa"
"62",0.93500974451679,0.516037268758885,-0.0764233022506249,1.9464427912842,"TAVG(>95th)-PM2.5(>80th)-2d","Iwate"
"63",0.760576486014273,0.579435990081016,-0.375118054544518,1.89627102657306,"TAVG(>95th)-PM2.5(>80th)-2d","Kagawa"
"64",-0.158306049953569,0.235946730175648,-0.62076164109784,0.304149541190702,"TAVG(>95th)-PM2.5(>80th)-2d","Kagoshima"
"65",-0.495483659806772,0.155551213093776,-0.800364037470573,-0.19060328214297,"TAVG(>95th)-PM2.5(>80th)-2d","Kanagawa"
"66",-0.203105142976432,0.566057773488556,-1.312578379014,0.906368093061138,"TAVG(>95th)-PM2.5(>80th)-2d","Kochi"
"67",-0.28513541402365,0.335346379881374,-0.942414318591143,0.372143490543842,"TAVG(>95th)-PM2.5(>80th)-2d","Kumamoto"
"68",0.465336963673371,0.406793936345921,-0.331979151564635,1.26265307891138,"TAVG(>95th)-PM2.5(>80th)-2d","Kyoto"
"69",-0.367306177476352,0.315593410842315,-0.985869262727289,0.251256907774584,"TAVG(>95th)-PM2.5(>80th)-2d","Mie"
"70",0.0757692487298344,0.363581175181248,-0.636849854625411,0.78838835208508,"TAVG(>95th)-PM2.5(>80th)-2d","Miyagi"
"71",0.22522043862714,0.377884706361383,-0.515433585841172,0.965874463095451,"TAVG(>95th)-PM2.5(>80th)-2d","Miyazaki"
"72",0.393255266766309,0.602896035529577,-0.788420962871661,1.57493149640428,"TAVG(>95th)-PM2.5(>80th)-2d","Nagano"
"73",-0.934877422929882,0.626118802584955,-2.16207027599639,0.292315430136629,"TAVG(>95th)-PM2.5(>80th)-2d","Nagasaki"
"74",-0.298864768977868,0.310890222686148,-0.908209605442717,0.310480067486982,"TAVG(>95th)-PM2.5(>80th)-2d","Nara"
"75",-0.285030738280706,0.325206845505186,-0.922436155470871,0.35237467890946,"TAVG(>95th)-PM2.5(>80th)-2d","Niigata"
"76",-1.00386708357415,0.58559357188442,-2.15163048446762,0.14389631731931,"TAVG(>95th)-PM2.5(>80th)-2d","Oita"
"77",0.501536905841704,0.439572415032864,-0.36002502762271,1.36309883930612,"TAVG(>95th)-PM2.5(>80th)-2d","Okayama"
"78",0.917073968434885,0.309489464354668,0.310474618299735,1.52367331857003,"TAVG(>95th)-PM2.5(>80th)-2d","Osaka"
"79",0.212285333155258,0.478478831041578,-0.725533175686235,1.15010384199675,"TAVG(>95th)-PM2.5(>80th)-2d","Saga"
"80",-0.184994729254092,0.210372359994654,-0.597324554843614,0.22733509633543,"TAVG(>95th)-PM2.5(>80th)-2d","Saitama"
"81",0.492287613206095,0.614471779236477,-0.7120770740974,1.69665230050959,"TAVG(>95th)-PM2.5(>80th)-2d","Shiga"
"82",-1.18240875145646,0.431348744389756,-2.02785229046038,-0.336965212452536,"TAVG(>95th)-PM2.5(>80th)-2d","Shimane"
"83",-0.411363002118131,0.290943956923159,-0.981613157687523,0.158887153451261,"TAVG(>95th)-PM2.5(>80th)-2d","Shizuoka"
"84",0.495328349188761,0.426344918556576,-0.340307691182127,1.33096438955965,"TAVG(>95th)-PM2.5(>80th)-2d","Tochigi"
"85",-0.0793504977305673,0.349044901935318,-0.763478505523791,0.604777510062656,"TAVG(>95th)-PM2.5(>80th)-2d","Tokushima"
"86",0.00113446582236121,0.190165553309474,-0.371590018664207,0.37385895030893,"TAVG(>95th)-PM2.5(>80th)-2d","Tokyo"
"87",0.537107964646648,0.653258842117343,-0.743279365903344,1.81749529519664,"TAVG(>95th)-PM2.5(>80th)-2d","Tottori"
"88",0.461276614545442,0.518773512795028,-0.555519470532814,1.4780726996237,"TAVG(>95th)-PM2.5(>80th)-2d","Toyama"
"89",-0.342746431136164,0.444479237383162,-1.21392573640716,0.528432874134834,"TAVG(>95th)-PM2.5(>80th)-2d","Wakayama"
"90",0.617914268197708,0.438982685505094,-0.242491795392277,1.47832033178769,"TAVG(>95th)-PM2.5(>80th)-2d","Yamagata"
"91",-0.0846963698653658,0.332913073504799,-0.737205993934772,0.567813254204041,"TAVG(>95th)-PM2.5(>80th)-2d","Yamaguchi"
"92",-0.785893848652278,0.455217973350229,-1.67812107641873,0.106333379114171,"TAVG(>95th)-PM2.5(>80th)-2d","Yamanashi"
"93",0.94300797455155,0.31514626913445,0.325321287048027,1.56069466205507,"TAVG(>95th)-PM2.5(>70th)-2d","Aichi"
"94",0.635691207466341,0.549897832124469,-0.442108543497619,1.7134909584303,"TAVG(>95th)-PM2.5(>70th)-2d","Akita"
"95",0.111194954620424,0.297174329669727,-0.471266731532241,0.693656640773088,"TAVG(>95th)-PM2.5(>70th)-2d","Aomori"
"96",-0.0301461047971384,0.202088837405615,-0.426240226112144,0.365948016517867,"TAVG(>95th)-PM2.5(>70th)-2d","Chiba"
"97",0.0255039922951139,0.325727339746467,-0.612921593607961,0.663929578198189,"TAVG(>95th)-PM2.5(>70th)-2d","Ehime"
"98",-0.106947252011234,0.368805301611315,-0.829805643169411,0.615911139146944,"TAVG(>95th)-PM2.5(>70th)-2d","Fukui"
"99",0.149178871775893,0.19218612091976,-0.227505925226836,0.525863668778622,"TAVG(>95th)-PM2.5(>70th)-2d","Fukuoka"
"100",-0.42557095058955,0.280772726690554,-0.975885494903037,0.124743593723936,"TAVG(>95th)-PM2.5(>70th)-2d","Fukushima"
"101",0.0229281843089748,0.241715541168122,-0.450834276380545,0.496690644998495,"TAVG(>95th)-PM2.5(>70th)-2d","Gifu"
"102",-0.061946684389292,0.358006875982177,-0.76364016131436,0.639746792535776,"TAVG(>95th)-PM2.5(>70th)-2d","Gunma"
"103",-0.0386604868817852,0.271072163701015,-0.569961927735775,0.492640953972205,"TAVG(>95th)-PM2.5(>70th)-2d","Hiroshima"
"104",-0.491936366135474,0.28237732707309,-1.04539592719873,0.0615231949277816,"TAVG(>95th)-PM2.5(>70th)-2d","Hokkaido"
"105",-0.0757649487813019,0.241251547951467,-0.548617982766177,0.397088085203573,"TAVG(>95th)-PM2.5(>70th)-2d","Hyogo"
"106",0.184625576062038,0.355288448345139,-0.511739782694434,0.88099093481851,"TAVG(>95th)-PM2.5(>70th)-2d","Ibaraki"
"107",0.373466733120961,0.48530269773768,-0.577726554444891,1.32466002068681,"TAVG(>95th)-PM2.5(>70th)-2d","Ishikawa"
"108",0.921141286842452,0.471256449346441,-0.00252135387657304,1.84480392756148,"TAVG(>95th)-PM2.5(>70th)-2d","Iwate"
"109",-1.23002409601693,0.468171981952619,-2.14764118064406,-0.312407011389795,"TAVG(>95th)-PM2.5(>70th)-2d","Kagawa"
"110",-0.317946659796925,0.204300502606875,-0.718375644906399,0.0824823253125493,"TAVG(>95th)-PM2.5(>70th)-2d","Kagoshima"
"111",-0.618771866094022,0.169178702949101,-0.950362123874259,-0.287181608313785,"TAVG(>95th)-PM2.5(>70th)-2d","Kanagawa"
"112",-0.395066528601565,0.52014336170192,-1.41454751753733,0.624414460334199,"TAVG(>95th)-PM2.5(>70th)-2d","Kochi"
"113",-0.23392030240962,0.321572818434,-0.86420302654026,0.396362421721019,"TAVG(>95th)-PM2.5(>70th)-2d","Kumamoto"
"114",0.241844742836664,0.352182390782954,-0.448432743097926,0.932122228771254,"TAVG(>95th)-PM2.5(>70th)-2d","Kyoto"
"115",-0.177695677389256,0.319916461164887,-0.804731941272435,0.449340586493923,"TAVG(>95th)-PM2.5(>70th)-2d","Mie"
"116",0.103215319481054,0.353442748242365,-0.589532467073981,0.795963106036089,"TAVG(>95th)-PM2.5(>70th)-2d","Miyagi"
"117",0.249119214246434,0.359951264012921,-0.456385263218891,0.954623691711759,"TAVG(>95th)-PM2.5(>70th)-2d","Miyazaki"
"118",-0.0613091443354691,0.575214037927964,-1.18872865867428,1.06611037000334,"TAVG(>95th)-PM2.5(>70th)-2d","Nagano"
"119",-1.14290563468597,0.627984026814435,-2.37375432724226,0.0879430578703231,"TAVG(>95th)-PM2.5(>70th)-2d","Nagasaki"
"120",-0.0166255722767927,0.341339674071631,-0.68565133345719,0.652400188903605,"TAVG(>95th)-PM2.5(>70th)-2d","Nara"
"121",-0.180270434965033,0.322738511629494,-0.81283791775884,0.452297047828775,"TAVG(>95th)-PM2.5(>70th)-2d","Niigata"
"122",-1.0954150505362,0.590690707468349,-2.25316883717416,0.0623387361017678,"TAVG(>95th)-PM2.5(>70th)-2d","Oita"
"123",0.31723417221073,0.382379707968642,-0.432230055407809,1.06669839982927,"TAVG(>95th)-PM2.5(>70th)-2d","Okayama"
"124",0.664840359543378,0.271330628129414,0.133032328409726,1.19664839067703,"TAVG(>95th)-PM2.5(>70th)-2d","Osaka"
"125",0.216489087869828,0.463943777248074,-0.692840715536396,1.12581889127605,"TAVG(>95th)-PM2.5(>70th)-2d","Saga"
"126",-0.312306424063832,0.188991770881009,-0.68273029499061,0.0581174468629464,"TAVG(>95th)-PM2.5(>70th)-2d","Saitama"
"127",0.226148995586179,0.485443839739824,-0.725320930303876,1.17761892147623,"TAVG(>95th)-PM2.5(>70th)-2d","Shiga"
"128",-0.97648445751489,0.458619256224367,-1.87537819971465,-0.0775907153151301,"TAVG(>95th)-PM2.5(>70th)-2d","Shimane"
"129",-0.413151192052844,0.27161536361114,-0.945517304730679,0.11921492062499,"TAVG(>95th)-PM2.5(>70th)-2d","Shizuoka"
"130",0.487467190282376,0.3210955852221,-0.141880156752939,1.11681453731769,"TAVG(>95th)-PM2.5(>70th)-2d","Tochigi"
"131",0.252201784743291,0.394168599179575,-0.520368669648677,1.02477223913526,"TAVG(>95th)-PM2.5(>70th)-2d","Tokushima"
"132",-0.0148731090236399,0.187837399430133,-0.3830344119067,0.35328819385942,"TAVG(>95th)-PM2.5(>70th)-2d","Tokyo"
"133",0.462350293246193,0.613023966253423,-0.739176680610515,1.6638772671029,"TAVG(>95th)-PM2.5(>70th)-2d","Tottori"
"134",0.121060818531898,0.440326488982855,-0.741979099874497,0.984100736938294,"TAVG(>95th)-PM2.5(>70th)-2d","Toyama"
"135",-0.352031867788294,0.471633978564228,-1.27643446577418,0.572370730197593,"TAVG(>95th)-PM2.5(>70th)-2d","Wakayama"
"136",1.09507793317095,0.48094518895774,0.152425362813781,2.03773050352812,"TAVG(>95th)-PM2.5(>70th)-2d","Yamagata"
"137",0.0211601886438315,0.364512418626848,-0.69328415186479,0.735604529152453,"TAVG(>95th)-PM2.5(>70th)-2d","Yamaguchi"
"138",-0.136841712904322,0.677074165014277,-1.4639070763323,1.19022365052366,"TAVG(>95th)-PM2.5(>70th)-2d","Yamanashi"
"139",0.264210790552487,0.442642553516766,-0.603368614340374,1.13179019544535,"TAVG(>92.5th)-PM2.5(>90th)-2d","Aichi"
"140",-0.459222593401319,0.61575309411691,-1.66609865787046,0.747653471067824,"TAVG(>92.5th)-PM2.5(>90th)-2d","Akita"
"141",-0.110480892246972,0.382109138068825,-0.859414802861869,0.638453018367925,"TAVG(>92.5th)-PM2.5(>90th)-2d","Aomori"
"142",0.346586541032942,0.267440666829749,-0.177597165953365,0.870770248019249,"TAVG(>92.5th)-PM2.5(>90th)-2d","Chiba"
"143",0.103406431074498,0.327781431894923,-0.539045175439551,0.745858037588548,"TAVG(>92.5th)-PM2.5(>90th)-2d","Ehime"
"144",0.140992548516339,0.460307780954927,-0.761210702155318,1.043195799188,"TAVG(>92.5th)-PM2.5(>90th)-2d","Fukui"
"145",0.407567777971184,0.22494573361899,-0.0333258599220366,0.848461415864405,"TAVG(>92.5th)-PM2.5(>90th)-2d","Fukuoka"
"146",-0.850185123139283,0.283749122778839,-1.40633340378581,-0.294036842492759,"TAVG(>92.5th)-PM2.5(>90th)-2d","Fukushima"
"147",0.289869675821678,0.315269655764305,-0.328058849476359,0.907798201119716,"TAVG(>92.5th)-PM2.5(>90th)-2d","Gifu"
"148",-0.354538020856763,0.573455417168553,-1.47851063850713,0.769434596793602,"TAVG(>92.5th)-PM2.5(>90th)-2d","Gunma"
"149",0.424632566506673,0.277037280602923,-0.118360503475057,0.967625636488402,"TAVG(>92.5th)-PM2.5(>90th)-2d","Hiroshima"
"150",-0.33654051658857,0.31236643649306,-0.948778732114968,0.275697698937827,"TAVG(>92.5th)-PM2.5(>90th)-2d","Hokkaido"
"151",0.392219211438394,0.3780545872807,-0.348767779631778,1.13320620250856,"TAVG(>92.5th)-PM2.5(>90th)-2d","Hyogo"
"152",0.152675729857841,0.360665587800784,-0.554228822231696,0.859580281947378,"TAVG(>92.5th)-PM2.5(>90th)-2d","Ibaraki"
"153",0.463475219679094,0.560105250764727,-0.63433107181977,1.56128151117796,"TAVG(>92.5th)-PM2.5(>90th)-2d","Ishikawa"
"154",1.41035901973629,0.744454042120762,-0.0487709028204002,2.86948894229299,"TAVG(>92.5th)-PM2.5(>90th)-2d","Iwate"
"155",0.668692881252789,0.670254216695009,-0.645005383469428,1.98239114597501,"TAVG(>92.5th)-PM2.5(>90th)-2d","Kagawa"
"156",-0.607131607049463,0.244604747269067,-1.08655691169683,-0.127706302402092,"TAVG(>92.5th)-PM2.5(>90th)-2d","Kagoshima"
"157",-0.181599415066984,0.238929117068709,-0.649900484521654,0.286701654387686,"TAVG(>92.5th)-PM2.5(>90th)-2d","Kanagawa"
"158",0.200932878715453,0.525452929394874,-0.8289548628985,1.23082062032941,"TAVG(>92.5th)-PM2.5(>90th)-2d","Kochi"
"159",-0.740730841679399,0.546830989620452,-1.81251958133549,0.331057897976687,"TAVG(>92.5th)-PM2.5(>90th)-2d","Kumamoto"
"160",1.0344830782244,0.701465210819156,-0.340388734981142,2.40935489142995,"TAVG(>92.5th)-PM2.5(>90th)-2d","Kyoto"
"161",-1.33364642660562,0.22756619464345,-1.77967616810678,-0.887616685104453,"TAVG(>92.5th)-PM2.5(>90th)-2d","Mie"
"162",0.194634918165466,0.367010105042441,-0.524704887717719,0.91397472404865,"TAVG(>92.5th)-PM2.5(>90th)-2d","Miyagi"
"163",-0.407750187952512,0.296222589810199,-0.988346463980502,0.172846088075478,"TAVG(>92.5th)-PM2.5(>90th)-2d","Miyazaki"
"164",0.367259910617886,0.618907736876519,-0.845799253660092,1.58031907489586,"TAVG(>92.5th)-PM2.5(>90th)-2d","Nagano"
"165",-0.0648952283946506,0.362655897338574,-0.775700787178257,0.645910330388955,"TAVG(>92.5th)-PM2.5(>90th)-2d","Nagasaki"
"166",-0.357120734369787,0.39919246549861,-1.13953796674706,0.425296498007488,"TAVG(>92.5th)-PM2.5(>90th)-2d","Nara"
"167",0.0554218779529323,0.35379175427572,-0.638009960427478,0.748853716333343,"TAVG(>92.5th)-PM2.5(>90th)-2d","Niigata"
"168",-1.25009396575799,0.413965948243062,-2.06146722431439,-0.438720707201588,"TAVG(>92.5th)-PM2.5(>90th)-2d","Oita"
"169",0.0529222781516614,0.430588958399492,-0.791032080311344,0.896876636614666,"TAVG(>92.5th)-PM2.5(>90th)-2d","Okayama"
"170",0.613044946575016,0.323842078851726,-0.0216855279743675,1.2477754211244,"TAVG(>92.5th)-PM2.5(>90th)-2d","Osaka"
"171",0.336426761109561,0.619005680947799,-0.876824373548126,1.54967789576725,"TAVG(>92.5th)-PM2.5(>90th)-2d","Saga"
"172",0.112958428952562,0.258262831804325,-0.393236721383915,0.61915357928904,"TAVG(>92.5th)-PM2.5(>90th)-2d","Saitama"
"173",0.261856521659325,0.505079919375351,-0.728100120316363,1.25181316363501,"TAVG(>92.5th)-PM2.5(>90th)-2d","Shiga"
"174",-1.02732800930825,0.281411357118919,-1.57889426926133,-0.475761749355166,"TAVG(>92.5th)-PM2.5(>90th)-2d","Shimane"
"175",0.250056511245158,0.316329817225423,-0.369949930516672,0.870062953006988,"TAVG(>92.5th)-PM2.5(>90th)-2d","Shizuoka"
"176",0.373098446118561,0.396473234640983,-0.403989093777766,1.15018598601489,"TAVG(>92.5th)-PM2.5(>90th)-2d","Tochigi"
"177",-0.340723559758173,0.440740516297663,-1.20457497170159,0.523127852185247,"TAVG(>92.5th)-PM2.5(>90th)-2d","Tokushima"
"178",0.482388609990433,0.31209395107184,-0.129315534110373,1.09409275409124,"TAVG(>92.5th)-PM2.5(>90th)-2d","Tokyo"
"179",0.0987675845289013,0.417043681748846,-0.718638031698838,0.91617320075664,"TAVG(>92.5th)-PM2.5(>90th)-2d","Tottori"
"180",0.118256307745233,0.598147976553835,-1.05411372630028,1.29062634179075,"TAVG(>92.5th)-PM2.5(>90th)-2d","Toyama"
"181",-0.177546612110302,0.525730202478445,-1.20797780896805,0.852884584747449,"TAVG(>92.5th)-PM2.5(>90th)-2d","Wakayama"
"182",-0.157217700168117,0.376301088772691,-0.894767834162592,0.580332433826358,"TAVG(>92.5th)-PM2.5(>90th)-2d","Yamagata"
"183",-0.0196100134303447,0.291351771481659,-0.590659485534397,0.551439458673707,"TAVG(>92.5th)-PM2.5(>90th)-2d","Yamaguchi"
"184",1.0048605982315,0.694251857132734,-0.35587304174866,2.36559423821166,"TAVG(>92.5th)-PM2.5(>90th)-2d","Yamanashi"
"185",0.640606321667258,0.312486446114333,0.0281328872831644,1.25307975605135,"TAVG(>92.5th)-PM2.5(>80th)-2d","Aichi"
"186",-0.122128757198563,0.551528913828153,-1.20312542830174,0.958867913904617,"TAVG(>92.5th)-PM2.5(>80th)-2d","Akita"
"187",-0.218365981579969,0.302225633041515,-0.810728222341338,0.373996259181401,"TAVG(>92.5th)-PM2.5(>80th)-2d","Aomori"
"188",-0.0640499071319824,0.190380030826589,-0.437194767552096,0.309094953288131,"TAVG(>92.5th)-PM2.5(>80th)-2d","Chiba"
"189",-0.256310099101524,0.272936540449234,-0.791265718382022,0.278645520178975,"TAVG(>92.5th)-PM2.5(>80th)-2d","Ehime"
"190",-0.0883996496659102,0.313789563882264,-0.703427194875148,0.526627895543328,"TAVG(>92.5th)-PM2.5(>80th)-2d","Fukui"
"191",0.187875824743307,0.162056419607463,-0.129754757687321,0.505506407173934,"TAVG(>92.5th)-PM2.5(>80th)-2d","Fukuoka"
"192",-0.388480283448564,0.249121123300465,-0.876757685117476,0.0997971182203483,"TAVG(>92.5th)-PM2.5(>80th)-2d","Fukushima"
"193",-0.316295198500371,0.228563497408939,-0.764279653421891,0.131689256421149,"TAVG(>92.5th)-PM2.5(>80th)-2d","Gifu"
"194",-0.385344867503766,0.333639589116053,-1.03927846217123,0.268588727163699,"TAVG(>92.5th)-PM2.5(>80th)-2d","Gunma"
"195",0.219768914277192,0.261627576545752,-0.293021135752481,0.732558964306866,"TAVG(>92.5th)-PM2.5(>80th)-2d","Hiroshima"
"196",-0.0990018713783878,0.298838093771739,-0.684724535170997,0.486720792414222,"TAVG(>92.5th)-PM2.5(>80th)-2d","Hokkaido"
"197",-0.0722789693564526,0.245245037921077,-0.552959243681764,0.408401304968859,"TAVG(>92.5th)-PM2.5(>80th)-2d","Hyogo"
"198",0.326791869738889,0.305058365070134,-0.271122525798573,0.92470626527635,"TAVG(>92.5th)-PM2.5(>80th)-2d","Ibaraki"
"199",0.561318725946138,0.48551965831643,-0.390299804354064,1.51293725624634,"TAVG(>92.5th)-PM2.5(>80th)-2d","Ishikawa"
"200",0.966488097325942,0.49281421474826,0.000572236419351668,1.93240395823253,"TAVG(>92.5th)-PM2.5(>80th)-2d","Iwate"
"201",0.548524304175876,0.470816896044272,-0.374276812070897,1.47132542042265,"TAVG(>92.5th)-PM2.5(>80th)-2d","Kagawa"
"202",-0.358504419586021,0.21751437321549,-0.784832591088383,0.0678237519163402,"TAVG(>92.5th)-PM2.5(>80th)-2d","Kagoshima"
"203",-0.710324633564981,0.161807180167789,-1.02746670669385,-0.393182560436114,"TAVG(>92.5th)-PM2.5(>80th)-2d","Kanagawa"
"204",0.216090156422755,0.42911252960742,-0.624970401607788,1.0571507144533,"TAVG(>92.5th)-PM2.5(>80th)-2d","Kochi"
"205",-0.259929087644599,0.312665383699109,-0.872753239694854,0.352895064405656,"TAVG(>92.5th)-PM2.5(>80th)-2d","Kumamoto"
"206",0.511599898110325,0.29518158596009,-0.0669560103714512,1.0901558065921,"TAVG(>92.5th)-PM2.5(>80th)-2d","Kyoto"
"207",-0.0952409657097985,0.312830264622147,-0.708388284369208,0.517906352949611,"TAVG(>92.5th)-PM2.5(>80th)-2d","Mie"
"208",0.0154741573863288,0.256667103907471,-0.487593366272315,0.518541681044972,"TAVG(>92.5th)-PM2.5(>80th)-2d","Miyagi"
"209",0.142854271558615,0.300236570794215,-0.445609407198046,0.731317950315277,"TAVG(>92.5th)-PM2.5(>80th)-2d","Miyazaki"
"210",0.240590431426012,0.457717465760972,-0.656535801465493,1.13771666431752,"TAVG(>92.5th)-PM2.5(>80th)-2d","Nagano"
"211",0.932805972745915,0.457666723564174,0.0357791945601342,1.8298327509317,"TAVG(>92.5th)-PM2.5(>80th)-2d","Nagasaki"
"212",0.00378861222387838,0.349654569810342,-0.681534344604391,0.689111569052148,"TAVG(>92.5th)-PM2.5(>80th)-2d","Nara"
"213",0.250077236150802,0.28009556434683,-0.298910069968985,0.799064542270589,"TAVG(>92.5th)-PM2.5(>80th)-2d","Niigata"
"214",-0.772914453527974,0.39677846368389,-1.5506002423484,0.00477133529244977,"TAVG(>92.5th)-PM2.5(>80th)-2d","Oita"
"215",0.272290234045985,0.381604192982063,-0.475653984198859,1.02023445229083,"TAVG(>92.5th)-PM2.5(>80th)-2d","Okayama"
"216",0.826228026230253,0.260255211474975,0.316127811739301,1.33632824072121,"TAVG(>92.5th)-PM2.5(>80th)-2d","Osaka"
"217",-0.146041999461936,0.453288766571003,-1.0344879819411,0.74240398301723,"TAVG(>92.5th)-PM2.5(>80th)-2d","Saga"
"218",-0.200535178664057,0.179761228541471,-0.55286718660534,0.151796829277225,"TAVG(>92.5th)-PM2.5(>80th)-2d","Saitama"
"219",0.0580585943462143,0.38972049540805,-0.705793576653563,0.821910765345992,"TAVG(>92.5th)-PM2.5(>80th)-2d","Shiga"
"220",-0.686934382357844,0.303999986938109,-1.28277435675654,-0.0910944079591497,"TAVG(>92.5th)-PM2.5(>80th)-2d","Shimane"
"221",-0.276199358286394,0.21962621788899,-0.706666745348813,0.154268028776026,"TAVG(>92.5th)-PM2.5(>80th)-2d","Shizuoka"
"222",0.34227105086466,0.308823206747918,-0.26302243436126,0.94756453609058,"TAVG(>92.5th)-PM2.5(>80th)-2d","Tochigi"
"223",-0.33146103094434,0.37270674550995,-1.06196625214384,0.399044190255162,"TAVG(>92.5th)-PM2.5(>80th)-2d","Tokushima"
"224",0.0923734112209625,0.194451153465629,-0.28875084957167,0.473497672013595,"TAVG(>92.5th)-PM2.5(>80th)-2d","Tokyo"
"225",0.803944535527876,0.516382306030975,-0.208164784292835,1.81605385534859,"TAVG(>92.5th)-PM2.5(>80th)-2d","Tottori"
"226",0.0901108144405092,0.445251096518033,-0.782581334734836,0.962802963615854,"TAVG(>92.5th)-PM2.5(>80th)-2d","Toyama"
"227",-0.452711287667447,0.425267313996616,-1.28623522310081,0.380812647765922,"TAVG(>92.5th)-PM2.5(>80th)-2d","Wakayama"
"228",0.157566371161331,0.322442472567201,-0.474420875070384,0.789553617393046,"TAVG(>92.5th)-PM2.5(>80th)-2d","Yamagata"
"229",0.271929845222485,0.298624224483804,-0.313373634765771,0.857233325210741,"TAVG(>92.5th)-PM2.5(>80th)-2d","Yamaguchi"
"230",0.51946015873467,0.486880352829837,-0.43482533281181,1.47374565028115,"TAVG(>92.5th)-PM2.5(>80th)-2d","Yamanashi"
"231",0.179166346988499,0.265724976679075,-0.341654607302489,0.699987301279486,"TAVG(>92.5th)-PM2.5(>70th)-2d","Aichi"
"232",-0.326707100028508,0.494771421444433,-1.2964590860596,0.643044886002581,"TAVG(>92.5th)-PM2.5(>70th)-2d","Akita"
"233",0.0130351375894942,0.269798297713621,-0.515769525929203,0.541839801108192,"TAVG(>92.5th)-PM2.5(>70th)-2d","Aomori"
"234",-0.0155341393522075,0.186753220717215,-0.381570451957948,0.350502173253533,"TAVG(>92.5th)-PM2.5(>70th)-2d","Chiba"
"235",-0.108715346466336,0.277697811588308,-0.653003057179419,0.435572364246747,"TAVG(>92.5th)-PM2.5(>70th)-2d","Ehime"
"236",-0.0893897528243838,0.284715103046633,-0.647431354795785,0.468651849147017,"TAVG(>92.5th)-PM2.5(>70th)-2d","Fukui"
"237",0.456378625240368,0.172389675626466,0.118494861012496,0.794262389468241,"TAVG(>92.5th)-PM2.5(>70th)-2d","Fukuoka"
"238",-0.284954004214242,0.262265122557255,-0.798993644426461,0.229085635997977,"TAVG(>92.5th)-PM2.5(>70th)-2d","Fukushima"
"239",-0.291083462643943,0.225687464117331,-0.733430892313911,0.151263967026025,"TAVG(>92.5th)-PM2.5(>70th)-2d","Gifu"
"240",-0.562418764600331,0.283733447893763,-1.11853632247211,-0.00630120672855505,"TAVG(>92.5th)-PM2.5(>70th)-2d","Gunma"
"241",0.0285753705843057,0.241592385584882,-0.444945705162063,0.502096446330674,"TAVG(>92.5th)-PM2.5(>70th)-2d","Hiroshima"
"242",-0.369087896112701,0.269402341874,-0.897116486185741,0.15894069396034,"TAVG(>92.5th)-PM2.5(>70th)-2d","Hokkaido"
"243",-0.0898581853343683,0.228771938455095,-0.538251184706354,0.358534814037617,"TAVG(>92.5th)-PM2.5(>70th)-2d","Hyogo"
"244",0.28193586155749,0.278892559561264,-0.264693555182588,0.828565278297567,"TAVG(>92.5th)-PM2.5(>70th)-2d","Ibaraki"
"245",0.551396817908084,0.437561005604241,-0.306222753076229,1.4090163888924,"TAVG(>92.5th)-PM2.5(>70th)-2d","Ishikawa"
"246",0.37102110166745,0.37473080638705,-0.363451278851169,1.10549348218607,"TAVG(>92.5th)-PM2.5(>70th)-2d","Iwate"
"247",-0.647558633280924,0.379114088896446,-1.39062224751796,0.0955049809561112,"TAVG(>92.5th)-PM2.5(>70th)-2d","Kagawa"
"248",-0.408679949892328,0.201422338159395,-0.803467732684742,-0.0138921670999135,"TAVG(>92.5th)-PM2.5(>70th)-2d","Kagoshima"
"249",-0.473472833683709,0.190563187639247,-0.846976681456634,-0.0999689859107853,"TAVG(>92.5th)-PM2.5(>70th)-2d","Kanagawa"
"250",0.109701265787282,0.392890640353698,-0.660364389305966,0.879766920880531,"TAVG(>92.5th)-PM2.5(>70th)-2d","Kochi"
"251",-0.126895961248388,0.304501781257388,-0.723719452512869,0.469927530016093,"TAVG(>92.5th)-PM2.5(>70th)-2d","Kumamoto"
"252",0.285112874908753,0.253010062203048,-0.210786847009222,0.781012596826728,"TAVG(>92.5th)-PM2.5(>70th)-2d","Kyoto"
"253",-0.221802102474509,0.293988486372825,-0.798019535765246,0.354415330816228,"TAVG(>92.5th)-PM2.5(>70th)-2d","Mie"
"254",0.0593880010554505,0.240168120544758,-0.411341515212276,0.530117517323177,"TAVG(>92.5th)-PM2.5(>70th)-2d","Miyagi"
"255",0.202916273289072,0.288821392886059,-0.363173656767603,0.769006203345747,"TAVG(>92.5th)-PM2.5(>70th)-2d","Miyazaki"
"256",-0.0749913867294524,0.414828895383386,-0.888056021680889,0.738073248221984,"TAVG(>92.5th)-PM2.5(>70th)-2d","Nagano"
"257",0.729072473286617,0.39934458937372,-0.0536429218858737,1.51178786845911,"TAVG(>92.5th)-PM2.5(>70th)-2d","Nagasaki"
"258",0.0841552412543702,0.34699343482986,-0.595951891012156,0.764262373520896,"TAVG(>92.5th)-PM2.5(>70th)-2d","Nara"
"259",0.480898251317602,0.267307327331339,-0.0430241102518223,1.00482061288703,"TAVG(>92.5th)-PM2.5(>70th)-2d","Niigata"
"260",-0.580078917109859,0.388539158894174,-1.34161566854244,0.181457834322721,"TAVG(>92.5th)-PM2.5(>70th)-2d","Oita"
"261",0.146340597211674,0.338995496407645,-0.51809057574731,0.810771770170658,"TAVG(>92.5th)-PM2.5(>70th)-2d","Okayama"
"262",0.573972109538598,0.224473625526368,0.134003803506916,1.01394041557028,"TAVG(>92.5th)-PM2.5(>70th)-2d","Osaka"
"263",-0.264001906838855,0.427725408670376,-1.10234370783279,0.574339894155083,"TAVG(>92.5th)-PM2.5(>70th)-2d","Saga"
"264",-0.192214018279412,0.172826459672049,-0.530953879236628,0.146525842677804,"TAVG(>92.5th)-PM2.5(>70th)-2d","Saitama"
"265",0.133474696452818,0.357887253427609,-0.567984320265295,0.83493371317093,"TAVG(>92.5th)-PM2.5(>70th)-2d","Shiga"
"266",-0.386527571074388,0.298060447761879,-0.97072604868767,0.197670906538894,"TAVG(>92.5th)-PM2.5(>70th)-2d","Shimane"
"267",-0.119003023098203,0.209830382812021,-0.530270573409764,0.292264527213359,"TAVG(>92.5th)-PM2.5(>70th)-2d","Shizuoka"
"268",0.534822355425287,0.287656134008107,-0.0289836672306032,1.09862837808118,"TAVG(>92.5th)-PM2.5(>70th)-2d","Tochigi"
"269",-0.00545270362134054,0.390254544643318,-0.770351611122245,0.759446203879564,"TAVG(>92.5th)-PM2.5(>70th)-2d","Tokushima"
"270",-0.040322725848313,0.182514238986276,-0.398050634261414,0.317405182564788,"TAVG(>92.5th)-PM2.5(>70th)-2d","Tokyo"
"271",0.693476259498466,0.4361883974107,-0.161452999426507,1.54840551842344,"TAVG(>92.5th)-PM2.5(>70th)-2d","Tottori"
"272",-0.00316735856520034,0.422920924333233,-0.832092370258337,0.825757653127936,"TAVG(>92.5th)-PM2.5(>70th)-2d","Toyama"
"273",-0.56136999253782,0.45674622205038,-1.45659258775656,0.333852602680925,"TAVG(>92.5th)-PM2.5(>70th)-2d","Wakayama"
"274",0.399288229462119,0.333962276782278,-0.255277833031145,1.05385429195538,"TAVG(>92.5th)-PM2.5(>70th)-2d","Yamagata"
"275",0.511536841882794,0.334102327529161,-0.143303720074362,1.16637740383995,"TAVG(>92.5th)-PM2.5(>70th)-2d","Yamaguchi"
"276",1.07706148520683,0.548061503774654,0.0028609378085036,2.15126203260515,"TAVG(>92.5th)-PM2.5(>70th)-2d","Yamanashi"
"277",0.372721579791343,0.423263817823715,-0.456875503143139,1.20231866272583,"TAVG(>90th)-PM2.5(>90th)-2d","Aichi"
"278",-0.374867708518359,0.551018421026758,-1.4548638137308,0.705128396694086,"TAVG(>90th)-PM2.5(>90th)-2d","Akita"
"279",-0.227539102667026,0.389411475481451,-0.990785594610671,0.535707389276619,"TAVG(>90th)-PM2.5(>90th)-2d","Aomori"
"280",0.46933500083952,0.254964879757342,-0.0303961634848707,0.969066165163911,"TAVG(>90th)-PM2.5(>90th)-2d","Chiba"
"281",-0.451332169852161,0.32032275668024,-1.07916477294543,0.176500433241109,"TAVG(>90th)-PM2.5(>90th)-2d","Ehime"
"282",-0.596222343984294,0.37670439772671,-1.33456296352865,0.142118275560057,"TAVG(>90th)-PM2.5(>90th)-2d","Fukui"
"283",0.464041476881814,0.233909628216967,0.00557860557655854,0.92250434818707,"TAVG(>90th)-PM2.5(>90th)-2d","Fukuoka"
"284",-0.685566640327101,0.224917459441696,-1.12640486083282,-0.244728419821378,"TAVG(>90th)-PM2.5(>90th)-2d","Fukushima"
"285",0.0466155045220163,0.272395677138553,-0.487280022669548,0.58051103171358,"TAVG(>90th)-PM2.5(>90th)-2d","Gifu"
"286",-0.510209465488459,0.474336732874992,-1.43990946192344,0.419490530946525,"TAVG(>90th)-PM2.5(>90th)-2d","Gunma"
"287",0.398363127329341,0.249503192605701,-0.0906631301778337,0.887389384836515,"TAVG(>90th)-PM2.5(>90th)-2d","Hiroshima"
"288",-0.533177747684392,0.30916181627506,-1.13913490758351,0.0727794122147256,"TAVG(>90th)-PM2.5(>90th)-2d","Hokkaido"
"289",0.318154639062144,0.362073443826375,-0.39150931083755,1.02781858896184,"TAVG(>90th)-PM2.5(>90th)-2d","Hyogo"
"290",-0.000787719961912514,0.301269958126694,-0.591276837890233,0.589701397966408,"TAVG(>90th)-PM2.5(>90th)-2d","Ibaraki"
"291",0.508101726268809,0.559453469602364,-0.588427074151824,1.60463052668944,"TAVG(>90th)-PM2.5(>90th)-2d","Ishikawa"
"292",0.289221875938723,0.464276336863158,-0.620759744313068,1.19920349619051,"TAVG(>90th)-PM2.5(>90th)-2d","Iwate"
"293",0.485754759621974,0.571309685525533,-0.63401222400807,1.60552174325202,"TAVG(>90th)-PM2.5(>90th)-2d","Kagawa"
"294",-0.560787973948018,0.244905831923597,-1.04080340451827,-0.0807725433777685,"TAVG(>90th)-PM2.5(>90th)-2d","Kagoshima"
"295",-0.0375627311266677,0.21816109828231,-0.465158483759995,0.39003302150666,"TAVG(>90th)-PM2.5(>90th)-2d","Kanagawa"
"296",0.83497317923308,0.604705402607265,-0.350249409877159,2.02019576834332,"TAVG(>90th)-PM2.5(>90th)-2d","Kochi"
"297",-0.271271208933793,0.538929541157287,-1.32757310960208,0.78503069173449,"TAVG(>90th)-PM2.5(>90th)-2d","Kumamoto"
"298",0.650607678918865,0.424618505175215,-0.181644591224556,1.48285994906229,"TAVG(>90th)-PM2.5(>90th)-2d","Kyoto"
"299",-0.484502988495431,0.304758138430861,-1.08182893981992,0.112822962829057,"TAVG(>90th)-PM2.5(>90th)-2d","Mie"
"300",0.226783044458838,0.358299864423085,-0.475484689810409,0.929050778728085,"TAVG(>90th)-PM2.5(>90th)-2d","Miyagi"
"301",-0.0346967715437299,0.329164576564592,-0.67985934161033,0.61046579852287,"TAVG(>90th)-PM2.5(>90th)-2d","Miyazaki"
"302",0.195952098938737,0.533531249368448,-0.84976914982342,1.24167334770089,"TAVG(>90th)-PM2.5(>90th)-2d","Nagano"
"303",-0.545886678851951,0.313886297855426,-1.16110382264858,0.0693304649446833,"TAVG(>90th)-PM2.5(>90th)-2d","Nagasaki"
"304",0.184184251419722,0.475806943987252,-0.748397358795292,1.11676586163474,"TAVG(>90th)-PM2.5(>90th)-2d","Nara"
"305",0.249954089252458,0.35500869643782,-0.44586295576567,0.945771134270585,"TAVG(>90th)-PM2.5(>90th)-2d","Niigata"
"306",-0.520943923389155,0.377169080366083,-1.26019532090668,0.218307474128367,"TAVG(>90th)-PM2.5(>90th)-2d","Oita"
"307",-0.0850311982821603,0.297015220059206,-0.667181029598203,0.497118633033883,"TAVG(>90th)-PM2.5(>90th)-2d","Okayama"
"308",0.524353007000037,0.29660913248218,-0.0570008926650352,1.10570690666511,"TAVG(>90th)-PM2.5(>90th)-2d","Osaka"
"309",0.728937190776253,0.654538698747346,-0.553958658768546,2.01183304032105,"TAVG(>90th)-PM2.5(>90th)-2d","Saga"
"310",0.0365208335898303,0.229850313685071,-0.413985781232909,0.48702744841257,"TAVG(>90th)-PM2.5(>90th)-2d","Saitama"
"311",-0.0535752737865598,0.446031078420172,-0.927796187490096,0.820645639916976,"TAVG(>90th)-PM2.5(>90th)-2d","Shiga"
"312",-0.479250940297298,0.340013909156516,-1.14567820224407,0.187176321649473,"TAVG(>90th)-PM2.5(>90th)-2d","Shimane"
"313",0.100194623143752,0.25500087438543,-0.399607090651691,0.599996336939195,"TAVG(>90th)-PM2.5(>90th)-2d","Shizuoka"
"314",0.270342722260205,0.372244677105465,-0.459256844866506,0.999942289386917,"TAVG(>90th)-PM2.5(>90th)-2d","Tochigi"
"315",-0.0147946090811601,0.38825567964619,-0.775775741187693,0.746186523025372,"TAVG(>90th)-PM2.5(>90th)-2d","Tokushima"
"316",0.637922896718903,0.303945281485429,0.042190145007463,1.23365564843034,"TAVG(>90th)-PM2.5(>90th)-2d","Tokyo"
"317",-0.151693702761625,0.292034402728633,-0.724081132109746,0.420693726586496,"TAVG(>90th)-PM2.5(>90th)-2d","Tottori"
"318",-0.140310631515826,0.508235046672428,-1.13645132299378,0.855830059962133,"TAVG(>90th)-PM2.5(>90th)-2d","Toyama"
"319",-0.145081177901857,0.486141505369792,-1.09791852842665,0.807756172622936,"TAVG(>90th)-PM2.5(>90th)-2d","Wakayama"
"320",-0.204027872419243,0.312737124294156,-0.816992636035789,0.408936891197303,"TAVG(>90th)-PM2.5(>90th)-2d","Yamagata"
"321",-0.167648713189719,0.280331968100843,-0.71709937066737,0.381801944287933,"TAVG(>90th)-PM2.5(>90th)-2d","Yamaguchi"
"322",0.999414519636403,0.651531172447626,-0.277586578360944,2.27641561763375,"TAVG(>90th)-PM2.5(>90th)-2d","Yamanashi"
"323",0.579675700985208,0.268264473758869,0.0538773324178254,1.10547406955259,"TAVG(>90th)-PM2.5(>80th)-2d","Aichi"
"324",-0.076798847553204,0.496565947406466,-1.05006810446988,0.896470409363469,"TAVG(>90th)-PM2.5(>80th)-2d","Akita"
"325",-0.286579739525416,0.297494731425747,-0.86966941311988,0.296509934069048,"TAVG(>90th)-PM2.5(>80th)-2d","Aomori"
"326",0.100408802921275,0.1645318401724,-0.22207360381663,0.422891209659179,"TAVG(>90th)-PM2.5(>80th)-2d","Chiba"
"327",-0.733788209534904,0.281253795897374,-1.28504564949376,-0.18253076957605,"TAVG(>90th)-PM2.5(>80th)-2d","Ehime"
"328",-0.414727753019574,0.264313044870293,-0.932781320965347,0.1033258149262,"TAVG(>90th)-PM2.5(>80th)-2d","Fukui"
"329",0.234932610731799,0.173768046744055,-0.105652760886548,0.575517982350146,"TAVG(>90th)-PM2.5(>80th)-2d","Fukuoka"
"330",-0.352353508335359,0.222407576055164,-0.788272357403479,0.0835653407327621,"TAVG(>90th)-PM2.5(>80th)-2d","Fukushima"
"331",-0.266179774980355,0.194041521084209,-0.646501156305405,0.114141606344695,"TAVG(>90th)-PM2.5(>80th)-2d","Gifu"
"332",-0.58558490404288,0.301394966131261,-1.17631903766015,0.00514922957439068,"TAVG(>90th)-PM2.5(>80th)-2d","Gunma"
"333",0.542622812461556,0.247468720361951,0.0575841205521319,1.02766150437098,"TAVG(>90th)-PM2.5(>80th)-2d","Hiroshima"
"334",-0.316159423467597,0.292494156403452,-0.889447970018364,0.25712912308317,"TAVG(>90th)-PM2.5(>80th)-2d","Hokkaido"
"335",-0.0441608073666384,0.234661031637404,-0.50409642937595,0.415774814642673,"TAVG(>90th)-PM2.5(>80th)-2d","Hyogo"
"336",0.233218583703958,0.264314046367418,-0.284836947176182,0.751274114584098,"TAVG(>90th)-PM2.5(>80th)-2d","Ibaraki"
"337",0.218096257397697,0.407533160875405,-0.580668737918096,1.01686125271349,"TAVG(>90th)-PM2.5(>80th)-2d","Ishikawa"
"338",0.0584648340360681,0.359665636939395,-0.646479814365146,0.763409482437282,"TAVG(>90th)-PM2.5(>80th)-2d","Iwate"
"339",0.414238669056782,0.410109438864068,-0.389575831116792,1.21805316923036,"TAVG(>90th)-PM2.5(>80th)-2d","Kagawa"
"340",-0.382994591731861,0.212629244309502,-0.799747910578485,0.0337587271147619,"TAVG(>90th)-PM2.5(>80th)-2d","Kagoshima"
"341",-0.490028710835215,0.152356560233129,-0.788647568892147,-0.191409852778282,"TAVG(>90th)-PM2.5(>80th)-2d","Kanagawa"
"342",0.373720361384177,0.411218686466118,-0.432268264089413,1.17970898685777,"TAVG(>90th)-PM2.5(>80th)-2d","Kochi"
"343",0.349274367017556,0.275952226170677,-0.191591996276972,0.890140730312083,"TAVG(>90th)-PM2.5(>80th)-2d","Kumamoto"
"344",0.777732133501658,0.286782221305003,0.215638979743852,1.33982528725946,"TAVG(>90th)-PM2.5(>80th)-2d","Kyoto"
"345",0.112492326287452,0.298305993980422,-0.472187421914174,0.697172074489078,"TAVG(>90th)-PM2.5(>80th)-2d","Mie"
"346",0.0587358917551208,0.251522527213886,-0.434248261584096,0.551720045094338,"TAVG(>90th)-PM2.5(>80th)-2d","Miyagi"
"347",0.0541762604439053,0.269913606854954,-0.474854408991805,0.583206929879615,"TAVG(>90th)-PM2.5(>80th)-2d","Miyazaki"
"348",0.392703476818748,0.439099835925322,-0.467932201594884,1.25333915523238,"TAVG(>90th)-PM2.5(>80th)-2d","Nagano"
"349",-0.0486860851487172,0.330211484699319,-0.695900595159382,0.598528424861947,"TAVG(>90th)-PM2.5(>80th)-2d","Nagasaki"
"350",0.039499474201028,0.297240976715915,-0.543092840162166,0.622091788564222,"TAVG(>90th)-PM2.5(>80th)-2d","Nara"
"351",0.240734363876503,0.265769055912999,-0.280172985712976,0.761641713465982,"TAVG(>90th)-PM2.5(>80th)-2d","Niigata"
"352",-0.212199396943737,0.340457362901976,-0.879495828231609,0.455097034344135,"TAVG(>90th)-PM2.5(>80th)-2d","Oita"
"353",0.283643261172139,0.285326000478055,-0.275595699764849,0.842882222109126,"TAVG(>90th)-PM2.5(>80th)-2d","Okayama"
"354",0.612408572075357,0.229508754403096,0.162571413445289,1.06224573070543,"TAVG(>90th)-PM2.5(>80th)-2d","Osaka"
"355",0.18390387905421,0.441062122632565,-0.680577881305618,1.04838563941404,"TAVG(>90th)-PM2.5(>80th)-2d","Saga"
"356",-0.13930572896051,0.161133272597496,-0.455126943251603,0.176515485330583,"TAVG(>90th)-PM2.5(>80th)-2d","Saitama"
"357",-0.356650401001323,0.30901114038549,-0.962312236156884,0.249011434154238,"TAVG(>90th)-PM2.5(>80th)-2d","Shiga"
"358",-0.40360744058773,0.291423061502955,-0.974796641133522,0.167581759958061,"TAVG(>90th)-PM2.5(>80th)-2d","Shimane"
"359",-0.274917821018753,0.183216664749977,-0.634022483928707,0.0841868418912019,"TAVG(>90th)-PM2.5(>80th)-2d","Shizuoka"
"360",0.0951253793414104,0.239332378570805,-0.373966082657367,0.564216841340188,"TAVG(>90th)-PM2.5(>80th)-2d","Tochigi"
"361",0.0494715521049734,0.321117338412401,-0.579918431183333,0.67886153539328,"TAVG(>90th)-PM2.5(>80th)-2d","Tokushima"
"362",0.205178716610008,0.170108656015163,-0.128234249179712,0.538591682399727,"TAVG(>90th)-PM2.5(>80th)-2d","Tokyo"
"363",0.888476601875141,0.487113913551193,-0.0662666686851969,1.84321987243548,"TAVG(>90th)-PM2.5(>80th)-2d","Tottori"
"364",-0.0443823611452911,0.395390233323814,-0.819347218459966,0.730582496169384,"TAVG(>90th)-PM2.5(>80th)-2d","Toyama"
"365",-0.394195448627099,0.390073936749271,-1.15874036465567,0.370349467401472,"TAVG(>90th)-PM2.5(>80th)-2d","Wakayama"
"366",-0.170654574598601,0.265090597387429,-0.690232145477962,0.34892299628076,"TAVG(>90th)-PM2.5(>80th)-2d","Yamagata"
"367",0.0155345163721441,0.275039206989036,-0.523542329326366,0.554611362070655,"TAVG(>90th)-PM2.5(>80th)-2d","Yamaguchi"
"368",1.01829526779065,0.512809501148347,0.01318864553989,2.02340189004141,"TAVG(>90th)-PM2.5(>80th)-2d","Yamanashi"
"369",0.324149318907271,0.229381891500754,-0.125439188434206,0.773737826248748,"TAVG(>90th)-PM2.5(>70th)-2d","Aichi"
"370",-0.361321201656128,0.427235942543799,-1.19870364904197,0.476061245729717,"TAVG(>90th)-PM2.5(>70th)-2d","Akita"
"371",-0.127245896413011,0.263635245324967,-0.643970977249946,0.389479184423924,"TAVG(>90th)-PM2.5(>70th)-2d","Aomori"
"372",0.0657287911246072,0.173598872372301,-0.274524998725102,0.405982580974317,"TAVG(>90th)-PM2.5(>70th)-2d","Chiba"
"373",-0.484191679450034,0.29592337049926,-1.06420148562858,0.0958181267285166,"TAVG(>90th)-PM2.5(>70th)-2d","Ehime"
"374",-0.253616778066989,0.256323436466206,-0.756010713540752,0.248777157406774,"TAVG(>90th)-PM2.5(>70th)-2d","Fukui"
"375",0.400467992653424,0.177847204537378,0.051887471760164,0.749048513546684,"TAVG(>90th)-PM2.5(>70th)-2d","Fukuoka"
"376",-0.141492006932598,0.22246007816134,-0.577513760128824,0.294529746263627,"TAVG(>90th)-PM2.5(>70th)-2d","Fukushima"
"377",-0.146252145769038,0.207936196525182,-0.553807090958395,0.261302799420319,"TAVG(>90th)-PM2.5(>70th)-2d","Gifu"
"378",-0.619210498001288,0.263040028073162,-1.13476895302469,-0.103652042977892,"TAVG(>90th)-PM2.5(>70th)-2d","Gunma"
"379",0.317806524872223,0.21989101631843,-0.1131798671119,0.748792916856346,"TAVG(>90th)-PM2.5(>70th)-2d","Hiroshima"
"380",-0.419636700611407,0.279361008191217,-0.967184276666192,0.127910875443378,"TAVG(>90th)-PM2.5(>70th)-2d","Hokkaido"
"381",-0.197413352268197,0.211726390732897,-0.612397078104675,0.21757037356828,"TAVG(>90th)-PM2.5(>70th)-2d","Hyogo"
"382",0.321035759581759,0.25549795040362,-0.179740223209336,0.821811742372853,"TAVG(>90th)-PM2.5(>70th)-2d","Ibaraki"
"383",0.236874172480121,0.374767365610539,-0.497669864116535,0.971418209076777,"TAVG(>90th)-PM2.5(>70th)-2d","Ishikawa"
"384",-0.10523825857692,0.330840877454893,-0.753686378388511,0.543209861234671,"TAVG(>90th)-PM2.5(>70th)-2d","Iwate"
"385",-0.897580781320665,0.383362506282393,-1.64897129363415,-0.146190269007176,"TAVG(>90th)-PM2.5(>70th)-2d","Kagawa"
"386",-0.434447068461661,0.195648511334044,-0.817918150676388,-0.0509759862469344,"TAVG(>90th)-PM2.5(>70th)-2d","Kagoshima"
"387",-0.200350874219828,0.181752622891995,-0.556586015088138,0.155884266648481,"TAVG(>90th)-PM2.5(>70th)-2d","Kanagawa"
"388",0.274619745581153,0.383651758340832,-0.477337700766877,1.02657719192918,"TAVG(>90th)-PM2.5(>70th)-2d","Kochi"
"389",0.455880555736459,0.262519033473445,-0.0586567498714928,0.97041786134441,"TAVG(>90th)-PM2.5(>70th)-2d","Kumamoto"
"390",0.309248644659218,0.223398887978434,-0.128613175778513,0.747110465096949,"TAVG(>90th)-PM2.5(>70th)-2d","Kyoto"
"391",-0.00300145750409697,0.273702933531214,-0.539459207225276,0.533456292217082,"TAVG(>90th)-PM2.5(>70th)-2d","Mie"
"392",0.194420122667327,0.234304889329062,-0.264817460417635,0.653657705752289,"TAVG(>90th)-PM2.5(>70th)-2d","Miyagi"
"393",0.0365671040189648,0.255564177593399,-0.464338684064096,0.537472892102026,"TAVG(>90th)-PM2.5(>70th)-2d","Miyazaki"
"394",0.0926361930826025,0.39200142307375,-0.675686596141947,0.860958982307152,"TAVG(>90th)-PM2.5(>70th)-2d","Nagano"
"395",-0.0274997811661679,0.318845255976217,-0.652436482879554,0.597436920547218,"TAVG(>90th)-PM2.5(>70th)-2d","Nagasaki"
"396",-0.00326410266971378,0.298142355429696,-0.587623119311917,0.58109491397249,"TAVG(>90th)-PM2.5(>70th)-2d","Nara"
"397",0.439982875052037,0.250409728377938,-0.0508201925687216,0.930785942672796,"TAVG(>90th)-PM2.5(>70th)-2d","Niigata"
"398",-0.375828058486429,0.319787761481328,-1.00261207098983,0.250955954016973,"TAVG(>90th)-PM2.5(>70th)-2d","Oita"
"399",0.48504158237928,0.288435808854836,-0.0802926029761993,1.05037576773476,"TAVG(>90th)-PM2.5(>70th)-2d","Okayama"
"400",0.492134958699121,0.212988409601725,0.0746776758797398,0.909592241518502,"TAVG(>90th)-PM2.5(>70th)-2d","Osaka"
"401",0.092538895174752,0.396591680719651,-0.684780799035764,0.869858589385268,"TAVG(>90th)-PM2.5(>70th)-2d","Saga"
"402",-0.113880896982326,0.153528385371983,-0.414796532311414,0.187034738346761,"TAVG(>90th)-PM2.5(>70th)-2d","Saitama"
"403",-0.261137265604269,0.28322279741757,-0.816253948542707,0.293979417334169,"TAVG(>90th)-PM2.5(>70th)-2d","Shiga"
"404",-0.0195912024226554,0.277126013877436,-0.562758189622429,0.523575784777118,"TAVG(>90th)-PM2.5(>70th)-2d","Shimane"
"405",-0.0895661180316814,0.169138236602379,-0.421077061772343,0.241944825708981,"TAVG(>90th)-PM2.5(>70th)-2d","Shizuoka"
"406",0.365203043367582,0.228305754041115,-0.082276234553003,0.812682321288166,"TAVG(>90th)-PM2.5(>70th)-2d","Tochigi"
"407",0.162102963748148,0.306708403143352,-0.43904550641282,0.763251433909117,"TAVG(>90th)-PM2.5(>70th)-2d","Tokushima"
"408",0.117425658247619,0.161282457178559,-0.198687957822357,0.433539274317595,"TAVG(>90th)-PM2.5(>70th)-2d","Tokyo"
"409",0.704531003572818,0.393833334874516,-0.0673823327812342,1.47644433992687,"TAVG(>90th)-PM2.5(>70th)-2d","Tottori"
"410",-0.0609375712018194,0.374510156774612,-0.794977478480058,0.67310233607642,"TAVG(>90th)-PM2.5(>70th)-2d","Toyama"
"411",-0.463404808679429,0.411800295020358,-1.27053338691933,0.343723769560473,"TAVG(>90th)-PM2.5(>70th)-2d","Wakayama"
"412",0.412622746105316,0.280684229662308,-0.137518344032808,0.962763836243439,"TAVG(>90th)-PM2.5(>70th)-2d","Yamagata"
"413",0.0569541763447191,0.291946165432082,-0.515260307902161,0.629168660591599,"TAVG(>90th)-PM2.5(>70th)-2d","Yamaguchi"
"414",1.06052636808182,0.486480979620261,0.107023648026105,2.01402908813753,"TAVG(>90th)-PM2.5(>70th)-2d","Yamanashi"
